,Name_x,Industry,Price,Change,% Change_x,Volume_x,Avg Vol (3M),Market Cap_x,PE Ratio,Last Sale,Net Change,% Change_y,Market Cap_y,Country,IPO Year,Volume_y,Sector,X-Spot-Id,X-Post-Id,Conversation Id
NVDA,NVIDIA Corporation,Semiconductors,141.98,-4.78,-3.26%,248.5M,274.928M,3.483T,66.66,$126.40 ,0.31,0.25%,3.10923E+12,United States,1999,360945875,Technology,sp_Rba9aFpG,finmb$32307,sp_Rba9aFpG_finmb$32307
AVGO,Broadcom Inc.,Semiconductors,164.84,-5.54,-3.25%,20.701M,23.94M,769.898B,132.94,"$1,592.00 ",11.21,0.71%,7.41057E+11,United States,2009,4637994,Technology,sp_Rba9aFpG,finmb$25016048,sp_Rba9aFpG_finmb$25016048
AMD,"Advanced Micro Devices, Inc.",Semiconductors,134.9,-3.94,-2.84%,43.768M,36.872M,218.917B,120.45,$157.54 ,-2.71,-1.69%,2.54634E+11,United States,,36905147,Technology,sp_Rba9aFpG,finmb$168864,sp_Rba9aFpG_finmb$168864
TXN,Texas Instruments Incorporated,Semiconductors,201.12,-4.88,-2.37%,5.968M,5.433M,183.465B,37.38,$193.10 ,-1.37,-0.70%,1.75814E+11,United States,,3300707,Technology,sp_Rba9aFpG,finmb$140283,sp_Rba9aFpG_finmb$140283
QCOM,QUALCOMM Incorporated,Semiconductors,160.5,-3.47,-2.12%,9.72M,8.03M,178.316B,17.95,$197.33 ,-4.84,-2.39%,2.2022E+11,United States,1991,10012705,Technology,sp_Rba9aFpG,finmb$33493,sp_Rba9aFpG_finmb$33493
MU,"Micron Technology, Inc.",Semiconductors,96.34,-2.84,-2.86%,18.402M,22.238M,106.816B,137.63,$142.36 ,1.24,0.88%,1.57645E+11,United States,,53738161,Technology,sp_Rba9aFpG,finmb$289030,sp_Rba9aFpG_finmb$289030
INTC,Intel Corporation,Semiconductors,24.35,-0.68,-2.72%,53.014M,79.292M,105.022B,,$30.54 ,-0.2,-0.65%,1.30009E+11,United States,,30697521,Technology,sp_Rba9aFpG,finmb$21127,sp_Rba9aFpG_finmb$21127
ADI,"Analog Devices, Inc.",Semiconductors,206.35,-5.89,-2.78%,3.881M,2.84M,102.451B,62.34,$227.84 ,-2.5,-1.09%,1.13058E+11,United States,,2509495,Technology,sp_Rba9aFpG,finmb$251411,sp_Rba9aFpG_finmb$251411
MRVL,"Marvell Technology, Inc.",Semiconductors,87.83,-2.87,-3.16%,9.993M,11.089M,76.078B,,$68.27 ,0.01,0.02%,59094512000,United States,2000,6632579,Technology,,,
NXPI,NXP Semiconductors N.V.,Semiconductors,217.04,-6.92,-3.09%,2.785M,2.399M,55.162B,20.75,$268.17 ,-1.75,-0.65%,68566719551,Netherlands,2010,1693077,Technology,,,
MCHP,Microchip Technology Incorporated,Semiconductors,62.86,-2.74,-4.18%,9.278M,5.848M,33.756B,43.65,$90.05 ,0.9,1.01%,48346583940,United States,1993,4596249,Technology,,,
MPWR,"Monolithic Power Systems, Inc.",Semiconductors,573.38,-3.41,-0.59%,1.61M,"712,981",27.969B,64.57,$816.45 ,-3.42,-0.42%,39738254400,United States,2004,295588,Technology,,,
ON,ON Semiconductor Corporation,Semiconductors,64.76,-2.26,-3.37%,6.217M,6.092M,27.575B,16.07,$68.17 ,0.33,0.49%,29328907873,United States,,3592101,Technology,,,
GFS,GLOBALFOUNDRIES Inc.,Semiconductors,41.29,-1.46,-3.42%,1.641M,1.585M,22.819B,31.28,$50.84 ,-0.16,-0.31%,28142389980,United States,2021,1002201,Technology,,,
ALAB,"Astera Labs, Inc.",Semiconductors,86.45,-2.04,-2.31%,3.964M,4.298M,13.712B,,$55.60 ,-2.21,-3.82%,8656992336,United States,2024,1810794,Technology,,,
SWKS,"Skyworks Solutions, Inc.",Semiconductors,83.69,-0.31,-0.37%,3.057M,2.069M,13.367B,22.68,$106.14 ,-1.24,-1.16%,17029802336,United States,,2669825,Technology,,,
MTSI,"MACOM Technology Solutions Holdings, Inc.",Semiconductors,123,-3.76,-2.97%,"575,621","491,135",8.905B,118.27,$108.23 ,2.13,2.01%,7804094829,United States,2012,738913,Technology,,,
LSCC,Lattice Semiconductor Corporation,Semiconductors,49.23,-1.4,-2.77%,2.455M,2.622M,6.792B,48.26,$56.53 ,-0.33,-0.58%,7775497935,United States,,1163179,Technology,,,
CRDO,Credo Technology Group Holding Ltd,Semiconductors,39.76,-2.14,-5.11%,3.704M,2.586M,6.603B,,$29.71 ,0.14,0.47%,4907658442,United States,2022,1537603,Technology,,,
QRVO,"Qorvo, Inc.",Semiconductors,65.61,-0.69,-1.04%,1.779M,1.555M,6.202B,,$113.84 ,-1.59,-1.38%,10886416175,United States,,1158619,Technology,,,
RMBS,Rambus Inc.,Semiconductors,51.31,-2.04,-3.82%,"870,102",1.613M,5.468B,31.87,$55.88 ,1.6,2.95%,6022787975,United States,1997,1554577,Technology,,,
CRUS,"Cirrus Logic, Inc.",Semiconductors,100.67,-0.83,-0.82%,"773,437","633,898",5.35B,17.12,$126.86 ,0.26,0.21%,6795752303,United States,1989,517367,Technology,,,
SITM,SiTime Corporation,Semiconductors,193.58,-9.92,-4.87%,"189,204","172,396",4.522B,,$121.69 ,-1.01,-0.82%,2783237703,United States,2019,116020,Technology,,,
ALGM,"Allegro MicroSystems, Inc.",Semiconductors,19.07,-0.76,-3.83%,2.129M,2.138M,3.509B,,$28.46 ,0.65,2.34%,5514071780,United States,2020,1587654,Technology,,,
POWI,"Power Integrations, Inc.",Semiconductors,60.04,-2.07,-3.33%,"335,319","406,042",3.414B,92.37,$70.27 ,-0.04,-0.06%,3988799042,United States,1997,421301,Technology,,,
SMTC,Semtech Corporation,Semiconductors,44.1,-3.23,-6.82%,1.841M,1.537M,3.318B,,$29.47 ,-0.29,-0.97%,1905335993,United States,,2056163,Technology,,,
SLAB,Silicon Laboratories Inc.,Semiconductors,100.47,-4.39,-4.19%,"368,021","264,198",3.26B,,$109.34 ,-0.46,-0.42%,3490615645,United States,2000,215776,Technology,,,
SYNA,Synaptics Incorporated,Semiconductors,74.64,-0.6,-0.80%,3.441M,"346,515",2.99B,18.61,$85.87 ,-0.67,-0.77%,3391653588,United States,2002,246298,Technology,,,
DIOD,Diodes Incorporated,Semiconductors,53.01,-2,-3.64%,"287,374","318,600",2.456B,40.16,$70.60 ,-0.01,-0.01%,3256277022,United States,,213763,Technology,,,
VSH,"Vishay Intertechnology, Inc.",Semiconductors,15.36,-0.68,-4.24%,2.046M,1.302M,2.086B,24.77,$22.04 ,0.04,0.18%,3024708020,United States,,763929,Technology,,,
MXL,"MaxLinear, Inc.",Semiconductors,14.3,-0.56,-3.77%,"774,923",1.319M,1.206B,,$20.44 ,-0.12,-0.58%,1699137076,United States,2010,654997,Technology,,,
WOLF,"Wolfspeed, Inc.",Semiconductors,6.7,-0.9,-11.84%,14.693M,12.453M,855.677M,,$22.97 ,0.89,4.03%,2890885192,United States,,2833040,Technology,,,
AOSL,Alpha and Omega Semiconductor Limited,Semiconductors,28.09,-1.76,-5.90%,"628,247","290,751",815.475M,,$37.38 ,0.8,2.19%,1072871265,Bermuda,2010,522737,Technology,,,
CEVA,"CEVA, Inc.",Semiconductors,27.01,-0.37,-1.35%,"126,396","168,067",638.157M,,$18.49 ,0.1,0.54%,436033806,United States,,177556,Technology,,,
LASR,"nLIGHT, Inc.",Semiconductors,10.26,-0.23,-2.19%,"479,281","350,059",496.886M,,$11.21 ,0.15,1.36%,533205937,United States,2018,278766,Technology,,,
SKYT,"SkyWater Technology, Inc.",Semiconductors,7.92,-0.3,-3.59%,"325,235","325,082",377.436M,,$7.61 ,0.15,2.01%,360332960,United States,2021,250507,Technology,,,
NVEC,NVE Corporation,Semiconductors,74.98,-1.45,-1.90%,"12,470","18,048",362.455M,22.52,$72.65 ,-0.37,-0.51%,351166561,United States,,14717,Technology,,,
AIP,"Arteris, Inc.",Semiconductors,7.8,-0.14,-1.76%,"134,353","100,887",313.384M,,$7.06 ,0.01,0.14%,271662601,United States,2021,257925,Technology,,,
MRAM,"Everspin Technologies, Inc.",Semiconductors,5.87,0,0.00%,"105,509","102,392",128.976M,83.86,$5.78 ,-0.09,-1.53%,124392276,United States,2016,211547,Technology,,,
QUIK,QuickLogic Corporation,Semiconductors,7.04,-0.59,-7.73%,"266,870","143,700",103.467M,50.29,$10.44 ,0.16,1.56%,150586800,United States,1999,188498,Technology,,,
MSFT,Microsoft Corporation,Software Infrastructure,415,-11.89,-2.79%,28.174M,19.211M,3.085T,34.24,$452.16 ,1.21,0.27%,3.36059E+12,United States,1986,16493419,Technology,sp_Rba9aFpG,finmb$21835,sp_Rba9aFpG_finmb$21835
ORCL,Oracle Corporation,Software Infrastructure,183.74,-3.31,-1.77%,7.671M,8.11M,509.155B,47.48,$138.23 ,-0.94,-0.68%,3.80943E+11,United States,1986,8034533,Technology,sp_Rba9aFpG,finmb$22247,sp_Rba9aFpG_finmb$22247
ADBE,Adobe Inc.,Software Infrastructure,503.37,-26.5,-5.00%,4.577M,2.797M,221.583B,42.59,$528.66 ,1.78,0.34%,2.3684E+11,United States,1986,2931132,Technology,sp_Rba9aFpG,finmb$24321,sp_Rba9aFpG_finmb$24321
PLTR,Palantir Technologies Inc.,Software Infrastructure,65.77,6.59,11.14%,148.096M,63.621M,149.825B,328.85,$24.10 ,-0.46,-1.87%,53668204180,United States,2020,24260182,Technology,,,
PANW,"Palo Alto Networks, Inc.",Software Infrastructure,387,-7.39,-1.87%,2.196M,2.614M,126.646B,53.01,$325.26 ,2.58,0.80%,1.05319E+11,United States,,2122909,Technology,sp_Rba9aFpG,finmb$25460099,sp_Rba9aFpG_finmb$25460099
CRWD,"CrowdStrike Holdings, Inc.",Software Infrastructure,336.75,-7.61,-2.21%,3.447M,4.033M,82.546B,488.04,$380.37 ,-6.39,-1.65%,92567086256,United States,2019,2948089,Technology,,,
SNPS,"Synopsys, Inc.",Software Infrastructure,520.75,-27.56,-5.03%,1.026M,1.031M,79.994B,53.63,$598.52 ,-1.62,-0.27%,91702895982,United States,1992,559028,Technology,sp_Rba9aFpG,finmb$35028,sp_Rba9aFpG_finmb$35028
FTNT,"Fortinet, Inc.",Software Infrastructure,94.2,-0.26,-0.28%,5.91M,4.461M,72.2B,47.34,$58.11 ,-0.58,-0.99%,44392437645,United States,2009,6373844,Technology,,,
SQ,"Block, Inc.",Software Infrastructure,84.3,0.88,1.05%,6.89M,6.422M,52.25B,50.48,$63.29 ,-0.73,-1.14%,39052524890,United States,2015,3639950,Technology,,,
NET,"Cloudflare, Inc.",Software Infrastructure,89.77,-2.16,-2.35%,3.355M,2.34M,30.809B,,$79.28 ,-1.38,-1.71%,26938804500,United States,2019,1975792,Technology,,,
ZS,"Zscaler, Inc.",Software Infrastructure,201.47,-7.03,-3.37%,1.342M,1.808M,30.722B,,$178.92 ,-3.6,-1.97%,27043594646,United States,2018,2046142,Technology,,,
IOT,Samsara Inc.,Software Infrastructure,49.51,-1.4,-2.75%,2.058M,3.253M,27.545B,,$31.15 ,1.31,4.39%,17157611822,United States,2021,5478623,Technology,,,
GDDY,GoDaddy Inc.,Software Infrastructure,182.92,-2.37,-1.28%,1.355M,1.114M,25.68B,14.69,$139.82 ,-1.36,-0.96%,19706351325,United States,2015,1782382,Technology,,,
CPAY,"Corpay, Inc.",Software Infrastructure,363.36,-6.92,-1.87%,"564,439","493,278",25.33B,25.95,,,,,,,,,,,
TOST,"Toast, Inc.",Software Infrastructure,40.6,0.24,0.59%,7.832M,5.955M,23.061B,,$25.72 ,-0.07,-0.27%,14274600000,United States,2021,3130191,Technology,,,
MDB,"MongoDB, Inc.",Software Infrastructure,279.77,-11.82,-4.05%,1.761M,1.265M,20.666B,,$240.52 ,13.91,6.14%,17642309161,United States,2017,2512504,Technology,,,
CHKP,Check Point Software Technologies Ltd.,Software Infrastructure,174.25,-3.3,-1.86%,"598,681","673,870",19.165B,23.87,$156.56 ,1.06,0.68%,17676630211,Israel,1996,543856,Technology,,,
NTNX,"Nutanix, Inc.",Software Infrastructure,69.53,-1.56,-2.19%,1.757M,1.939M,18.623B,,$54.98 ,1.56,2.92%,13560312339,United States,2016,3140462,Technology,,,
GEN,Gen Digital Inc.,Software Infrastructure,29.58,-0.46,-1.53%,2.205M,3.182M,18.227B,29.88,$24.19 ,0.02,0.08%,15146469248,United States,,3195201,Technology,,,
AFRM,"Affirm Holdings, Inc.",Software Infrastructure,56.15,2.94,5.53%,17.77M,11.243M,17.634B,,,,,,,,,,,,
VRSN,"VeriSign, Inc.",Software Infrastructure,180.88,-3.48,-1.89%,"580,393","615,367",17.383B,21.11,$179.10 ,1.18,0.66%,17838360000,United States,1998,718981,Technology,,,
TWLO,Twilio Inc.,Software Infrastructure,96.59,-0.54,-0.56%,3.157M,2.293M,14.815B,,$55.22 ,-0.22,-0.40%,9452103428,United States,2016,1598203,Technology,,,
FFIV,"F5, Inc.",Software Infrastructure,238.36,-3.69,-1.52%,"491,028","617,031",13.847B,24.93,,,,,,,,,,,
CYBR,CyberArk Software Ltd.,Software Infrastructure,305.27,3.99,1.32%,"683,507","456,176",13.302B,,$262.79 ,0.04,0.02%,11104279747,Israel,2014,468686,Technology,,,
AKAM,"Akamai Technologies, Inc.",Software Infrastructure,87.43,-0.92,-1.04%,2.574M,1.542M,13.134B,25.87,,,,,,,,,,,
OKTA,"Okta, Inc.",Software Infrastructure,73.66,-3.27,-4.25%,1.93M,2.16M,12.512B,,$88.30 ,-0.6,-0.68%,14854386882,United States,2017,677293,Technology,,,
WIX,Wix.com Ltd.,Software Infrastructure,180.01,-4,-2.17%,"338,993","384,001",9.868B,144.01,$157.37 ,0.27,0.17%,8997251275,Israel,2013,375100,Technology,,,
DOX,Amdocs Limited,Software Infrastructure,83.98,-1.73,-2.02%,"929,558","601,817",9.658B,19.76,$78.33 ,0.04,0.05%,9191854662,Guernsey,,899088,Technology,,,
GTLB,GitLab Inc.,Software Infrastructure,59.87,-1.28,-2.09%,1.571M,1.791M,9.605B,,$48.56 ,4.96,11.38%,7716184000,United States,2021,7756664,Technology,,,
KVYO,"Klaviyo, Inc.",Software Infrastructure,35.16,-1.79,-4.84%,2.134M,1.077M,9.48B,,$23.40 ,-0.14,-0.60%,6190694195,United States,2023,1122401,Technology,,,
CFLT,"Confluent, Inc.",Software Infrastructure,27.07,-1.46,-5.12%,3.914M,3.859M,8.879B,,$27.55 ,0.43,1.59%,8756353451,United States,2021,2895330,Technology,,,
ALTR,Altair Engineering Inc.,Software Infrastructure,103.75,0.03,0.03%,1.121M,"765,354",8.838B,259.38,$98.49 ,0.57,0.58%,8177906381,United States,2017,442339,Technology,,,
FOUR,"Shift4 Payments, Inc.",Software Infrastructure,97.01,-1.77,-1.79%,1.103M,1.191M,8.741B,53.89,,,,,,,,,,,
S,"SentinelOne, Inc.",Software Infrastructure,26.11,-1.25,-4.57%,4.281M,4.345M,8.283B,,$19.17 ,0.35,1.86%,5997754553,United States,2021,2935013,Technology,,,
DBX,"Dropbox, Inc.",Software Infrastructure,27.06,-0.61,-2.20%,2.249M,2.894M,8.158B,15.64,$21.82 ,-0.12,-0.55%,7204793957,United States,2018,3898354,Technology,,,
RBRK,"Rubrik, Inc.",Software Infrastructure,43.24,-1.26,-2.83%,1.627M,1.924M,7.855B,,$29.72 ,-0.65,-2.14%,5351521517,,2024,877573,Technology,,,
INFA,Informatica Inc.,Software Infrastructure,24.79,-0.47,-1.86%,2.183M,1.776M,7.57B,107.78,$29.80 ,-0.02,-0.07%,8929088492,United States,2021,1075433,Technology,,,
WEX,WEX Inc.,Software Infrastructure,179.08,-1.83,-1.01%,"439,705","413,709",7.124B,22.75,,,,,,,,,,,
OS,"OneStream, Inc.",Software Infrastructure,30.13,-3.4,-10.14%,8.329M,"685,287",7.066B,,,,,,,,,,,,
HCP,"HashiCorp, Inc.",Software Infrastructure,33.74,-0.16,-0.49%,1.814M,1.869M,6.846B,,$33.49 ,0.05,0.15%,6732944705,United States,2021,1491780,Technology,,,
PATH,UiPath Inc.,Software Infrastructure,12.37,-0.27,-2.14%,10.754M,8.688M,6.803B,,$12.22 ,0.29,2.43%,6999342064,United States,2021,9128472,Technology,,,
VRNS,"Varonis Systems, Inc.",Software Infrastructure,51.08,-1.15,-2.20%,1.255M,1.483M,5.745B,,$43.45 ,0.14,0.32%,4844814475,United States,2014,940134,Technology,,,
ACIW,"ACI Worldwide, Inc.",Software Infrastructure,54.29,-0.71,-1.29%,"414,818","692,943",5.694B,25.73,$38.06 ,0.38,1.01%,4013038484,United States,,683665,Technology,,,
QLYS,"Qualys, Inc.",Software Infrastructure,145.52,-3.87,-2.59%,"669,697","426,557",5.325B,32.12,$137.66 ,-0.71,-0.51%,5085058807,United States,2012,347745,Technology,,,
TENB,"Tenable Holdings, Inc.",Software Infrastructure,40.79,-0.95,-2.28%,"706,061","846,228",4.9B,,$41.12 ,0.41,1.01%,4887845170,United States,2018,1036547,Technology,,,
BOX,"Box, Inc.",Software Infrastructure,33.53,-0.75,-2.19%,1.601M,2.236M,4.802B,42.44,$25.59 ,0.15,0.59%,3725601321,United States,2015,968489,Technology,,,
EEFT,"Euronet Worldwide, Inc.",Software Infrastructure,101.88,-0.31,-0.30%,"209,634","293,278",4.476B,14.81,,,,,,,,,,,
CORZ,"Core Scientific, Inc.",Software Infrastructure,15.83,0.39,2.53%,7.827M,10.615M,4.421B,,,,,,,,,,,,
ZETA,Zeta Global Holdings Corp.,Software Infrastructure,17.58,0.21,1.21%,25.311M,4.928M,4.174B,,$16.42 ,0.01,0.06%,3592532999,United States,2021,5121572,Technology,,,
PAY,"Paymentus Holdings, Inc.",Software Infrastructure,33.5,0.95,2.92%,"538,300","260,623",4.175B,128.85,,,,,,,,,,,
RELY,"Remitly Global, Inc.",Software Infrastructure,19.64,-0.19,-0.96%,1.011M,1.786M,3.89B,,,,,,,,,,,,
CLBT,Cellebrite DI Ltd.,Software Infrastructure,17.7,-0.26,-1.45%,"832,450",1.305M,3.803B,,$11.80 ,0.01,0.09%,2422505367,Israel,,1273094,Technology,,,
PAYO,Payoneer Global Inc.,Software Infrastructure,10.37,0.04,0.39%,2.765M,2.775M,3.698B,30.5,,,,,,,,,,,
DOCN,"DigitalOcean Holdings, Inc.",Software Infrastructure,36.85,-1.5,-3.91%,1.261M,1.184M,3.401B,42.85,$33.29 ,1.03,3.19%,3032430176,United States,2021,789174,Technology,,,
AVPT,"AvePoint, Inc.",Software Infrastructure,15.73,-0.09,-0.57%,1.043M,"958,473",2.95B,,$10.17 ,-0.21,-2.02%,1884400754,United States,2019,822191,Technology,,,
STNE,StoneCo Ltd.,Software Infrastructure,9.76,-0.11,-1.11%,4.851M,4.826M,2.897B,9.57,$11.80 ,-0.14,-1.17%,3645445968,Brazil,2018,5117765,Technology,,,
FIVN,"Five9, Inc.",Software Infrastructure,38.07,-0.89,-2.28%,2.176M,1.834M,2.863B,,$40.74 ,1.2,3.04%,3009381709,United States,2014,979529,Technology,,,
PRGS,Progress Software Corporation,Software Infrastructure,66.51,-0.74,-1.10%,"270,673","514,943",2.854B,35.76,$54.94 ,6.24,12.81%,2374401645,United States,1991,1592610,Technology,,,
DLO,DLocal Limited,Software Infrastructure,9.89,-0.31,-3.04%,2.33M,1.353M,2.82B,22.48,,,,,,,,,,,
TDC,Teradata Corporation,Software Infrastructure,28.97,-0.62,-2.10%,"746,836","744,587",2.772B,34.08,$33.92 ,-0.17,-0.50%,3280064000,United States,,551476,Technology,,,
FLYW,Flywire Corporation,Software Infrastructure,21.93,0.16,0.73%,1.603M,1.124M,2.728B,129,,,,,,,,,,,
APPN,Appian Corporation,Software Infrastructure,36.43,-1.17,-3.11%,"740,206","472,981",2.692B,,$29.76 ,0.77,2.66%,2149907040,United States,2017,540936,Technology,,,
RPD,"Rapid7, Inc.",Software Infrastructure,39.98,-0.73,-1.79%,"617,938","669,470",2.527B,57.11,$40.55 ,2.57,6.77%,2527260381,United States,2015,3995706,Technology,,,
PAGS,PagSeguro Digital Ltd.,Software Infrastructure,7.64,-0.18,-2.30%,5.639M,6.21M,2.438B,7.56,$11.34 ,0.17,1.52%,3581954528,Cayman Islands,2018,3329945,Technology,,,
ODD,Oddity Tech Ltd.,Software Infrastructure,39.75,-2.64,-6.23%,"569,334","370,903",2.271B,24.39,,,,,,,,,,,
SWI,SolarWinds Corporation,Software Infrastructure,13.18,-0.26,-1.93%,"328,387","517,453",2.248B,59.91,$11.75 ,0,0.00%,1976255048,United States,2018,378855,Technology,,,
EVTC,"EVERTEC, Inc.",Software Infrastructure,34.64,0.19,0.55%,"230,535","373,615",2.204B,27.06,$33.73 ,0.03,0.09%,2172530209,Puerto Rico,2013,388110,Technology,,,
AVDX,"AvidXchange Holdings, Inc.",Software Infrastructure,10.44,-0.3,-2.79%,1.776M,2M,2.148B,,$11.66 ,0.12,1.04%,2408967660,United States,2021,1668753,Technology,,,
EVCM,EverCommerce Inc.,Software Infrastructure,11.12,0.05,0.45%,"153,251","98,982",2.049B,,$10.62 ,0.32,3.11%,1965796143,United States,2021,197803,Technology,,,
CALX,"Calix, Inc.",Software Infrastructure,29.31,-0.82,-2.72%,1.172M,"521,465",1.944B,,,,,,,,,,,,
RAMP,"LiveRamp Holdings, Inc.",Software Infrastructure,27.89,-0.56,-1.97%,"615,489","605,992",1.82B,"1,394.50",$29.95 ,-0.47,-1.55%,1981308107,United States,2018,609325,Technology,,,
NN,NextNav Inc.,Software Infrastructure,14.22,0.07,0.49%,1.133M,"828,778",1.832B,,,,,,,,,,,,
CSGS,"CSG Systems International, Inc.",Software Infrastructure,54.48,0,0.00%,"195,727","216,460",1.585B,23.89,$41.08 ,0.07,0.17%,1218888993,United States,1996,189848,Technology,,,
NTCT,"NetScout Systems, Inc.",Software Infrastructure,21.86,-0.56,-2.50%,"260,904","468,548",1.568B,,$18.10 ,0.14,0.78%,1292624405,United States,1999,636351,Technology,,,
ZUO,"Zuora, Inc.",Software Infrastructure,9.9,-0.01,-0.10%,2.431M,2.828M,1.522B,,$9.23 ,0.05,0.55%,1366963000,United States,2018,680017,Technology,,,
VRNT,Verint Systems Inc.,Software Infrastructure,23.48,-1.19,-4.82%,"671,013","797,514",1.456B,35.58,$31.02 ,-2.73,-8.09%,1916312800,United States,2010,1207116,Technology,,,
ATEN,"A10 Networks, Inc.",Software Infrastructure,16.44,-0.12,-0.72%,"478,808","564,142",1.213B,24.91,,,,,,,,,,,
GB,Global Blue Group Holding AG,Software Infrastructure,5.55,0.11,2.02%,"34,251","50,235",1.108B,42.69,$5.22 ,0.11,2.15%,1041779939,,2000,73135,Technology,,,
PSFE,Paysafe Limited,Software Infrastructure,17.67,-0.41,-2.27%,"756,655","232,187",1.074B,,,,,,,,,,,,
YEXT,"Yext, Inc.",Software Infrastructure,7.78,-0.11,-1.39%,"478,026","840,725",995.225M,,$4.86 ,0.04,0.83%,613035905,United States,2017,898481,Technology,,,
BASE,"Couchbase, Inc.",Software Infrastructure,19.25,0.07,0.36%,"380,622","464,334",987.993M,,$17.59 ,0.09,0.51%,884950789,United States,2021,357550,Technology,,,
RDWR,Radware Ltd.,Software Infrastructure,23.07,-0.4,-1.70%,"143,752","187,689",968.822M,,$17.57 ,0.23,1.33%,732649251,Israel,1999,593478,Technology,,,
GCT,GigaCloud Technology Inc.,Software Infrastructure,20.86,0.06,0.29%,1.168M,1.583M,854.67M,6.58,,,,,,,,,,,
IIIV,"i3 Verticals, Inc.",Software Infrastructure,24.82,-0.05,-0.20%,"150,120","190,678",838.638M,,,,,,,,,,,,
CINT,CI&T Inc.,Software Infrastructure,6.17,-0.79,-11.35%,"90,831","71,531",830.161M,41.13,$5.00 ,0.04,0.81%,672060070,,2021,132859,Technology,,,
AIOT,"PowerFleet, Inc.",Software Infrastructure,5.95,-0.09,-1.49%,1.768M,1.034M,786.227M,,,,,,,,,,,,
SCWX,SecureWorks Corp.,Software Infrastructure,8.37,0,0.00%,"120,945","172,581",744.01M,,$6.51 ,0.38,6.20%,575502892,United States,2016,23481,Technology,,,
EXOD,"Exodus Movement, Inc.",Software Infrastructure,27.1,-0.4,-1.45%,5,417,729.115M,29.27,,,,,,,,,,,
RPAY,Repay Holdings Corporation,Software Infrastructure,7.85,-0.14,-1.75%,"727,596","819,429",723.301M,,,,,,,,,,,,
IMXI,"International Money Express, Inc.",Software Infrastructure,20.87,-0.34,-1.60%,"225,562","285,306",649.03M,11.66,$20.25 ,0,0.00%,660958765,United States,2017,111793,Technology,,,
PGY,Pagaya Technologies Ltd.,Software Infrastructure,8.81,-0.66,-6.97%,3.7M,1.95M,648.906M,,,,,,,,,,,,
OSPN,OneSpan Inc.,Software Infrastructure,16.72,-0.62,-3.58%,"249,017","389,526",635.211M,22.59,$12.63 ,0.1,0.80%,477988779,United States,,350560,Technology,,,
PRTH,"Priority Technology Holdings, Inc.",Software Infrastructure,7.99,-0.23,-2.80%,"127,895","77,729",616.556M,,,,,,,,,,,,
BAND,Bandwidth Inc.,Software Infrastructure,18.57,-0.26,-1.38%,"181,134","226,140",510.863M,,$15.59 ,0.03,0.19%,421050308,United States,2017,268980,Technology,,,
CGNT,Cognyte Software Ltd.,Software Infrastructure,6.92,-0.15,-2.12%,"184,140","260,881",497.513M,,$7.68 ,0.11,1.45%,545253389,Israel,,235552,Technology,,,
CCSI,"Consensus Cloud Solutions, Inc.",Software Infrastructure,25.3,0.25,1.00%,"154,651","126,918",488.381M,5.55,$16.50 ,0.04,0.24%,317132789,United States,,140103,Technology,,,
LSAK,"Lesaka Technologies, Inc.",Software Infrastructure,5.02,-0.09,-1.76%,"6,327","33,904",391.653M,,,,,,,,,,,,
BLZE,"Backblaze, Inc.",Software Infrastructure,6.28,-0.28,-4.27%,"174,227","238,784",278.832M,,$5.78 ,0.34,6.25%,239870000,United States,2021,319659,Technology,,,
TCX,Tucows Inc.,Software Infrastructure,15.99,0.24,1.52%,"77,952","35,812",175.965M,,$19.60 ,-0.745,-3.66%,214146368,Canada,,29940,Technology,,,
ATGL,Alpha Technology Group Limited,Software Infrastructure,9.71,0.85,9.59%,"40,352","588,126",159.851M,,$2.81 ,0,0.00%,42887625,China,2023,66,Technology,,,
SNCR,"Synchronoss Technologies, Inc.",Software Infrastructure,8.95,-0.01,-0.11%,"108,681","119,635",96.823M,,$8.00 ,0.39,5.13%,86337408,United States,2018,24422,Technology,,,
AUID,authID Inc.,Software Infrastructure,6.88,0.04,0.58%,"5,095","25,071",75.136M,,$8.85 ,0.84,10.49%,83634447,United States,,23086,Technology,,,
BKKT,"Bakkt Holdings, Inc.",Software Infrastructure,11.32,-0.79,-6.52%,"272,293","116,209",71.56M,,,,,,,,,,,,
ARQQ,Arqit Quantum Inc.,Software Infrastructure,7.92,-1.8,-18.52%,"285,770","123,324",54.057M,,$0.32 ,-0.0001,-0.03%,52880201,United Kingdom,,452011,Technology,,,
KPLT,"Katapult Holdings, Inc.",Software Infrastructure,6.63,0.16,2.41%,"9,168","29,967",29.092M,,,,,,,,,,,,
VHC,VirnetX Holding Corporation,Software Infrastructure,5.85,-0.05,-0.85%,"11,269","7,787",21.851M,,,,,,,,,,,,
AAPL,Apple Inc.,Consumer Electronics,225,-3.22,-1.41%,46.863M,47.719M,3.401T,37.07,$213.25 ,4.18,2.00%,3.26999E+12,United States,1980,66110282,Technology,sp_Rba9aFpG,finmb$27444752,sp_Rba9aFpG_finmb$24937
VZIO,VIZIO Holding Corp.,Consumer Electronics,11.27,0.2,1.81%,4.112M,2.245M,2.282B,,,,,,,,,,,,
SONO,"Sonos, Inc.",Consumer Electronics,13.05,-0.7,-5.09%,1.926M,1.978M,1.579B,,,,,,,,,,,,
HEAR,Turtle Beach Corporation,Consumer Electronics,14.86,-0.4,-2.62%,"197,159","167,251",298.378M,47.94,,,,,,,,,,,
VOXX,VOXX International Corporation,Consumer Electronics,6.49,-0.31,-4.56%,"145,435",2.834M,146.059M,,$3.55 ,0.13,3.80%,80024444,United States,,130254,Technology,,,
UEIC,Universal Electronics Inc.,Consumer Electronics,10.95,0.24,2.24%,"44,459","89,215",142.656M,,,,,,,,,,,,
KOSS,Koss Corporation,Consumer Electronics,6.95,-0.06,-0.86%,"104,813","268,307",64.988M,,,,,,,,,,,,
FOXX,Foxx Development Holdings Inc.,Consumer Electronics,7.1,0.44,6.61%,"6,836","31,196",51.692M,,,,,,,,,,,,
CRM,"Salesforce, Inc.",Software Application,325.26,-6.39,-1.93%,7.081M,5.535M,310.949B,56.67,$243.15 ,1.39,0.58%,2.35612E+11,United States,2004,4522735,Technology,sp_Rba9aFpG,finmb$122917,sp_Rba9aFpG_finmb$122917
NOW,"ServiceNow, Inc.",Software Application,"1,011.39",-28.41,-2.73%,1.244M,1.169M,208.667B,156.8,$753.91 ,-0.9,-0.12%,1.54552E+11,United States,2012,986036,Technology,sp_Rba9aFpG,finmb$22967487,sp_Rba9aFpG_finmb$22967487
INTU,Intuit Inc.,Software Application,687.87,-12.89,-1.84%,1.795M,1.364M,192.804B,65.89,$637.48 ,7.01,1.11%,1.78206E+11,United States,1993,1169395,Technology,sp_Rba9aFpG,finmb$21171,sp_Rba9aFpG_finmb$21171
UBER,"Uber Technologies, Inc.",Software Application,73.25,1.81,2.53%,20.953M,15.782M,154.243B,36.08,,,,,,,,,,,
ADP,"Automatic Data Processing, Inc.",Software Application,297.64,-4.35,-1.44%,1.308M,1.521M,121.276B,31.8,$238.02 ,-10.38,-4.18%,97419522843,United States,,3146187,Technology,sp_Rba9aFpG,finmb$126269,sp_Rba9aFpG_finmb$126269
APP,AppLovin Corporation,Software Application,291.09,6.6,2.32%,16.461M,4.695M,97.687B,88.21,$80.48 ,-0.73,-0.90%,26479020001,United States,2021,2896356,Technology,,,
CDNS,"Cadence Design Systems, Inc.",Software Application,289.71,-13.33,-4.40%,1.583M,1.892M,79.457B,76.44,$309.33 ,-2.2,-0.71%,84179210220,United States,,1146716,Technology,sp_Rba9aFpG,finmb$25941,sp_Rba9aFpG_finmb$25941
MSTR,MicroStrategy Incorporated,Software Application,340.65,12.98,3.96%,25.449M,16.704M,71.807B,,"$1,457.73 ",-38.01,-2.54%,25856385292,United States,1998,749075,Technology,,,
WDAY,"Workday, Inc.",Software Application,259.41,-12.08,-4.45%,2.012M,1.947M,68.744B,44.65,$216.78 ,-0.6,-0.28%,57446700000,United States,,1827926,Technology,,,
ADSK,"Autodesk, Inc.",Software Application,299.15,-7.5,-2.45%,2.298M,1.344M,64.47B,61.3,$243.28 ,0.75,0.31%,52548480000,United States,,1717241,Technology,,,
TEAM,Atlassian Corporation,Software Application,240.04,-9.95,-3.98%,2.279M,2.026M,62.514B,,$171.66 ,4.21,2.51%,44682780944,Australia,2015,1984483,Technology,,,
ROP,"Roper Technologies, Inc.",Software Application,548.23,-16.54,-2.93%,"580,837","432,854",58.786B,40.46,,,,,,,,,,,
TTD,"The Trade Desk, Inc.",Software Application,118.15,-7.73,-6.14%,5.091M,2.919M,58.316B,190.56,$97.71 ,-0.02,-0.02%,47792602394,United States,2016,2403660,Technology,,,
FICO,Fair Isaac Corporation,Software Application,"2,261.00",-62.17,-2.68%,"174,656","144,976",55.051B,110.62,,,,,,,,,,,
PAYX,"Paychex, Inc.",Software Application,142.96,-2.88,-1.97%,1.625M,1.648M,51.451B,30.42,,,,,,,,,,,
DDOG,"Datadog, Inc.",Software Application,126.09,-5.34,-4.06%,5.691M,3.207M,42.836B,229.25,$123.19 ,4.06,3.41%,41206908650,United States,2019,3964506,Technology,,,
SNOW,Snowflake Inc.,Software Application,125.96,-3.31,-2.56%,5.316M,6.742M,42.222B,,$129.13 ,4.92,3.96%,43232724000,United States,2020,10865312,Technology,,,
HUBS,"HubSpot, Inc.",Software Application,677.07,-19.23,-2.76%,"460,480","462,268",34.953B,,$568.52 ,-16.69,-2.85%,28973168094,United States,2014,941398,Technology,,,
ANSS,"ANSYS, Inc.",Software Application,332.38,-7.9,-2.32%,"509,015","395,453",29.067B,51.14,,,,,,,,,,,
TYL,"Tyler Technologies, Inc.",Software Application,597.1,-17.18,-2.80%,"252,741","241,121",25.555B,109.16,$488.63 ,0.39,0.08%,20744917114,United States,,149769,Technology,,,
ZM,"Zoom Video Communications, Inc.",Software Application,81.14,-1.49,-1.80%,2.233M,3.317M,24.974B,28.98,$57.54 ,-0.25,-0.43%,17795800421,United States,2019,2540561,Technology,,,
PTC,PTC Inc.,Software Application,190.01,-1.1,-0.58%,"666,291","747,807",22.827B,60.9,$177.60 ,0.57,0.32%,21266580576,United States,,466897,Technology,,,
SSNC,"SS&C Technologies Holdings, Inc.",Software Application,73.4,-0.83,-1.12%,1.507M,1.302M,18.18B,26.31,$62.09 ,-0.84,-1.34%,15356302269,United States,2010,739094,Technology,,,
MANH,"Manhattan Associates, Inc.",Software Application,272.62,-7.13,-2.55%,"290,540","397,667",16.65B,77.89,$241.79 ,2.01,0.84%,14886982011,United States,1998,291952,Technology,,,
DOCU,"DocuSign, Inc.",Software Application,79.11,-1.25,-1.56%,2.165M,3.29M,16.057B,16.76,$51.62 ,0.08,0.16%,10567458193,United States,1989,2231791,Technology,,,
GWRE,"Guidewire Software, Inc.",Software Application,192.22,-3.04,-1.56%,1.055M,"854,907",16.054B,,$134.86 ,-1.95,-1.43%,11147973312,United States,2012,576123,Technology,,,
DT,"Dynatrace, Inc.",Software Application,52.35,-1.52,-2.82%,3.148M,2.733M,15.626B,96.94,$43.75 ,0.31,0.71%,13008569525,United States,2019,3703369,Technology,,,
AZPN,"Aspen Technology, Inc.",Software Application,246.88,-0.16,-0.06%,"418,520","272,609",15.615B,,$190.37 ,-7.08,-3.59%,12055723376,United States,,209577,Technology,,,
BSY,"Bentley Systems, Incorporated",Software Application,46.59,-1.5,-3.12%,1.271M,"997,867",14.082B,41.97,$49.84 ,-0.42,-0.84%,14952010466,United States,2020,811806,Technology,,,
DUOL,"Duolingo, Inc.",Software Application,307.32,-15.25,-4.73%,"569,696","521,917",13.517B,167.02,$203.89 ,-1.11,-0.54%,8792168639,United States,2021,417182,Technology,,,
MNDY,monday.com Ltd.,Software Application,262.89,-6.01,-2.24%,"852,006","531,498",13.107B,611.37,$229.52 ,5.74,2.57%,11229014217,Israel,2021,760964,Technology,,,
PAYC,"Paycom Software, Inc.",Software Application,219.88,-4.79,-2.13%,"476,881","705,104",12.679B,26.46,$141.00 ,-0.54,-0.38%,8193512679,United States,2014,1023723,Technology,,,
DAY,Dayforce Inc,Software Application,74.56,-2.18,-2.84%,1.342M,1.457M,11.758B,219.29,$49.90 ,0.2,0.40%,7879210000,United States,2018,1730924,Technology,,,
PCTY,Paylocity Holding Corporation,Software Application,197.79,-7.71,-3.75%,"537,504","442,581",11.026B,58.69,$132.00 ,-1.44,-1.08%,7448925396,United States,2014,570383,Technology,,,
PCOR,"Procore Technologies, Inc.",Software Application,69.15,-2.46,-3.44%,2.133M,1.747M,10.28B,,$63.05 ,-0.48,-0.76%,9225767039,United States,2021,1463592,Technology,,,
ESTC,Elastic N.V.,Software Application,86.32,-2.91,-3.26%,1.776M,1.303M,8.869B,141.51,$110.04 ,1.09,1.00%,11192738957,United States,2018,860539,Technology,,,
BILL,"BILL Holdings, Inc.",Software Application,84.69,-1.69,-1.96%,2.576M,1.904M,8.765B,"1,209.86",$49.26 ,1.05,2.18%,5228326994,United States,2019,1249656,Technology,,,
APPF,"AppFolio, Inc.",Software Application,230.02,-3.34,-1.43%,"184,470","218,979",8.357B,63.54,$239.70 ,1.08,0.45%,8680327291,United States,2015,217359,Technology,,,
SMAR,Smartsheet Inc.,Software Application,55.85,-0.01,-0.02%,2.294M,3.991M,7.78B,,$42.86 ,0.52,1.23%,5929327448,United States,2018,1121246,Technology,,,
VERX,"Vertex, Inc.",Software Application,49.1,-0.35,-0.71%,"929,353","754,756",7.658B,258.42,$35.11 ,0.94,2.75%,5446042147,United States,2020,931849,Technology,,,
CWAN,"Clearwater Analytics Holdings, Inc.",Software Application,30.49,0.04,0.13%,2.874M,1.641M,7.535B,,$18.63 ,0.17,0.92%,4577703667,United States,2021,2316534,Technology,,,
LYFT,"Lyft, Inc.",Software Application,18.12,0.2,1.12%,15.799M,13.352M,7.516B,,,,,,,,,,,,
PEGA,Pegasystems Inc.,Software Application,86.55,-1.9,-2.15%,"330,585","596,298",7.422B,61.82,$58.28 ,-1.61,-2.69%,4955616296,United States,1996,629504,Technology,,,
CVLT,"Commvault Systems, Inc.",Software Application,168.53,-2.5,-1.46%,"303,835","371,287",7.369B,42.88,$118.63 ,-2.47,-2.04%,5148686373,United States,2006,305672,Technology,,,
CCCS,CCC Intelligent Solutions Holdings Inc.,Software Application,11.77,-0.07,-0.59%,4.757M,2.663M,7.362B,168.14,$11.50 ,0.02,0.17%,7067718737,United States,,2841009,Technology,,,
U,Unity Software Inc.,Software Application,17.34,-1.5,-7.96%,16.217M,11.85M,6.985B,,$16.46 ,0.44,2.75%,6433583862,United States,2020,5479668,Technology,,,
SPSC,"SPS Commerce, Inc.",Software Application,176.59,-3.15,-1.75%,"167,956","193,678",6.634B,84.9,$184.64 ,-0.35,-0.19%,6837676184,United States,2010,169789,Technology,,,
QXO,"QXO, Inc.",Software Application,15.4,0.17,1.12%,2.328M,2.434M,6.305B,,$73.55 ,-6.3,-7.89%,48870150,United States,,21394,Technology,,,
QTWO,"Q2 Holdings, Inc.",Software Application,97.12,-0.71,-0.73%,"702,262","554,425",5.866B,,$58.83 ,0.03,0.05%,3535654291,United States,2014,341260,Technology,,,
WK,Workiva Inc.,Software Application,91.28,-1.95,-2.09%,"363,537","349,637",5.056B,,$73.46 ,1.23,1.70%,4027435464,United States,2014,308348,Technology,,,
SRAD,Sportradar Group AG,Software Application,16.94,-0.41,-2.36%,"743,430","583,053",5.047B,121,$10.88 ,-0.01,-0.09%,12092738112,Switzerland,2021,174536,Technology,,,
FRSH,Freshworks Inc.,Software Application,15.73,-0.59,-3.62%,4.698M,3.339M,4.764B,,$12.43 ,0.22,1.80%,3714333222,United States,2021,1528143,Technology,,,
NCNO,"nCino, Inc.",Software Application,40.22,-0.49,-1.20%,1.088M,1.28M,4.648B,,$31.47 ,-0.03,-0.10%,3621699711,United States,2020,593979,Technology,,,
IDCC,"InterDigital, Inc.",Software Application,182.07,1.01,0.56%,"286,956","395,607",4.614B,19.64,,,,,,,,,,,
INTA,"Intapp, Inc.",Software Application,56.13,-0.79,-1.39%,"362,260","693,617",4.344B,,$35.09 ,-0.16,-0.45%,2576677017,United States,2021,444352,Technology,,,
ALIT,"Alight, Inc.",Software Application,7.73,-0.16,-2.03%,8.113M,4.68M,4.28B,,,,,,,,,,,,
GBTG,"Global Business Travel Group, Inc.",Software Application,8.88,-0.09,-1.00%,"630,962",1.034M,4.178B,,,,,,,,,,,,
BLKB,"Blackbaud, Inc.",Software Application,81,-3,-3.57%,"242,425","183,334",4.108B,80.2,$74.93 ,-0.33,-0.44%,3868341875,United States,2004,302645,Technology,,,
ZI,ZoomInfo Technologies Inc.,Software Application,10.23,-0.35,-3.31%,9.945M,7.502M,3.737B,255.75,$12.58 ,0.23,1.86%,4703895510,United States,2020,8566518,Technology,,,
BL,"BlackLine, Inc.",Software Application,59.31,-1.25,-2.06%,"650,712","665,473",3.706B,60.52,$47.17 ,0.5,1.07%,2915927230,United States,2016,1481469,Technology,,,
YOU,"Clear Secure, Inc.",Software Application,26.23,-0.68,-2.53%,2.353M,2.362M,3.657B,30.5,$18.87 ,-0.06,-0.32%,2732941685,United States,2021,1070872,Technology,,,
ALKT,"Alkami Technology, Inc.",Software Application,35.93,-0.97,-2.63%,"656,567","643,010",3.611B,,$26.94 ,0.46,1.74%,2627067112,United States,2021,448207,Technology,,,
BRZE,"Braze, Inc.",Software Application,35.06,-1.43,-3.92%,1.079M,1.267M,3.602B,,$35.90 ,0.69,1.96%,3648401582,United States,2021,1834363,Technology,,,
ENV,"Envestnet, Inc.",Software Application,62.94,-0.02,-0.03%,"824,810","602,592",3.483B,,,,,,,,,,,,
INST,"Instructure Holdings, Inc.",Software Application,23.6,0.02,0.08%,2.69M,"477,420",3.471B,,$24.20 ,0.03,0.12%,3531454285,,2021,710391,Technology,,,
FROG,JFrog Ltd.,Software Application,30.72,-0.77,-2.45%,1.153M,1.275M,3.427B,,$35.81 ,1,2.87%,3882521346,United States,2020,1843791,Technology,,,
AGYS,"Agilysys, Inc.",Software Application,121.19,0.35,0.29%,"149,936","208,957",3.387B,34.43,$100.05 ,-1.42,-1.40%,2746794011,United States,,203808,Technology,,,
AI,"C3.ai, Inc.",Software Application,25.99,-0.39,-1.48%,3.188M,3.798M,3.302B,,$27.64 ,0.17,0.62%,3449963329,United States,2020,2827448,Technology,,,
RNG,"RingCentral, Inc.",Software Application,35.78,-0.96,-2.61%,1.102M,1.331M,3.236B,,$26.99 ,-0.23,-0.85%,2487781361,United States,2013,1119794,Technology,,,
DV,"DoubleVerify Holdings, Inc.",Software Application,19.14,-0.91,-4.54%,1.858M,2.265M,3.209B,50.37,$19.20 ,0.25,1.32%,3298491667,United States,2021,2144186,Technology,,,
ASAN,"Asana, Inc.",Software Application,13.9,-0.36,-2.52%,1.913M,1.823M,3.171B,,$12.99 ,0.31,2.45%,2963076806,United States,2020,2018488,Technology,,,
LIF,"Life360, Inc.",Software Application,41.95,-1.93,-4.40%,2.136M,"268,053",3.132B,,,,,,,,,,,,
ALRM,"Alarm.com Holdings, Inc.",Software Application,59.85,-0.08,-0.13%,"468,973","426,248",2.958B,25.8,$61.59 ,0.17,0.28%,3091123018,United States,2015,1131402,Technology,,,
PYCR,"Paycor HCM, Inc.",Software Application,16.4,-0.69,-4.07%,"771,237","822,162",2.946B,,$12.38 ,-0.03,-0.24%,2206241434,United States,2021,1766358,Technology,,,
PAR,PAR Technology Corporation,Software Application,72.32,-0.68,-0.93%,"308,197","435,317",2.626B,,,,,,,,,,,,
GRND,Grindr Inc.,Software Application,14.15,-0.17,-1.19%,"468,070","527,121",2.499B,,$11.82 ,1.57,15.32%,2076489150,Singapore,2021,3964670,Technology,,,
SOUN,"SoundHound AI, Inc.",Software Application,6.36,-0.27,-4.07%,35.045M,21.704M,2.352B,,$3.98 ,0.06,1.53%,1310096711,United States,,7929608,Technology,,,
NATL,NCR Atleos Corporation,Software Application,29.44,0.05,0.17%,"354,424","397,450",2.134B,,,,,,,,,,,,
PLUS,ePlus inc.,Software Application,78.62,-1.85,-2.31%,"165,629","156,971",2.112B,19.27,$71.91 ,-0.48,-0.66%,1938113646,United States,1996,174938,Technology,,,
SEMR,"Semrush Holdings, Inc.",Software Application,13.37,0.1,0.75%,"323,518","357,023",1.961B,167.12,$12.98 ,0.01,0.08%,1885433342,United States,2021,436285,Technology,,,
CXM,"Sprinklr, Inc.",Software Application,7.67,-0.07,-0.90%,3.614M,2.147M,1.944B,45.12,$9.24 ,0.25,2.78%,2450696972,United States,2021,2806696,Technology,,,
JAMF,Jamf Holding Corp.,Software Application,14.84,-0.47,-3.07%,"560,529","419,087",1.906B,,$15.04 ,-0.11,-0.73%,1931943979,United States,2020,437090,Technology,,,
BTDR,Bitdeer Technologies Group,Software Application,11.09,0.35,3.26%,4.413M,2.987M,1.854B,,,,,,,,,,,,
IBTA,"Ibotta, Inc.",Software Application,67.12,1.57,2.40%,"568,738","216,295",1.846B,839,,,,,,,,,,,
DFIN,"Donnelley Financial Solutions, Inc.",Software Application,60.4,-0.53,-0.87%,"154,497","164,493",1.743B,18.93,,,,,,,,,,,
UPBD,"Upbound Group, Inc.",Software Application,31.78,-0.66,-2.03%,"455,819","555,779",1.738B,21.77,,,,,,,,,,,
PD,"PagerDuty, Inc.",Software Application,18.65,-0.95,-4.85%,1.055M,"842,896",1.736B,,$22.41 ,0.52,2.38%,2142396359,United States,2019,879752,Technology,,,
MLNK,"MeridianLink, Inc.",Software Application,22.02,-0.68,-3.00%,"270,706","362,735",1.663B,,$21.58 ,-0.23,-1.06%,1655373185,United States,2021,240297,Technology,,,
SPT,"Sprout Social, Inc.",Software Application,28.64,-0.12,-0.42%,"515,877","502,926",1.644B,,$33.06 ,0.63,1.94%,1869146611,United States,2019,353499,Technology,,,
RUM,Rumble Inc.,Software Application,5.61,-0.3,-5.08%,2.794M,1.803M,1.592B,,$5.58 ,0.08,1.46%,2164326072,United States,2021,767308,Technology,,,
SPNS,Sapiens International Corporation N.V.,Software Application,28,-0.56,-1.96%,"190,579","104,385",1.561B,22.05,$33.20 ,-0.18,-0.54%,1850343369,Curacao,1992,125360,Technology,,,
DBD,"Diebold Nixdorf, Incorporated",Software Application,40.58,1.47,3.76%,"226,767","169,953",1.525B,,,,,,,,,,,,
WBTN,WEBTOON Entertainment Inc.,Software Application,10.74,-0.26,-2.36%,"520,258","405,762",1.378B,,,,,,,,,,,,
ADEA,Adeia Inc.,Software Application,11.6,-0.07,-0.60%,"420,280","415,713",1.267B,31.35,$10.83 ,-0.2,-1.81%,1175135662,United States,2003,350000,Technology,,,
BMBL,Bumble Inc.,Software Application,7.87,-0.36,-4.37%,1.877M,2.886M,1.231B,,$10.16 ,0.26,2.63%,1282177989,United States,2021,1943549,Technology,,,
AMPL,"Amplitude, Inc.",Software Application,9.59,-0.48,-4.77%,"366,867","442,475",1.224B,,$8.68 ,0.15,1.76%,1057579238,United States,,385196,Technology,,,
KARO,Karooooo Ltd.,Software Application,39.6,1.46,3.83%,"46,674","36,117",1.223B,26.58,$32.46 ,0.85,2.69%,1003014000,Singapore,2021,8642,Technology,,,
VTEX,VTEX,Software Application,6.29,-0.23,-3.53%,"319,388","475,684",1.163B,125.8,$6.99 ,0.06,0.87%,1286348786,United Kingdom,2021,363682,Technology,,,
PDFS,"PDF Solutions, Inc.",Software Application,29.98,-1.11,-3.57%,"269,941","149,057",1.162B,272.55,$35.84 ,0.24,0.67%,1376387354,United States,2001,163578,Technology,,,
PRO,"PROS Holdings, Inc.",Software Application,22.74,-0.61,-2.61%,"505,776","620,053",1.076B,,$28.22 ,-0.08,-0.28%,1326463067,United States,2007,276420,Technology,,,
ACN,Accenture plc,Software Application,353.57,-8.5,-2.35%,3.097M,2.338M,220.93B,30.91,,,,,,,,,,,
IBM,International Business Machines Corporation,Software Application,204.99,-4,-1.91%,3.983M,3.95M,189.543B,29.93,$171.87 ,-0.73,-0.42%,1.5788E+11,United States,,2778020,Technology,sp_Rba9aFpG,finmb$112350,sp_Rba9aFpG_finmb$112350
FI,"Fiserv, Inc.",Software Application,210.92,0.07,0.03%,2.279M,2.407M,119.996B,40.64,,,,,,,,,,,
FIS,"Fidelity National Information Services, Inc.",Software Application,87.82,-0.64,-0.72%,2.656M,2.922M,47.278B,90.54,,,,,,,,,,,
IT,"Gartner, Inc.",Software Application,522.86,-14.24,-2.65%,"460,026","285,876",40.33B,38.64,,,,,,,,,,,
CTSH,Cognizant Technology Solutions Corporation,Software Application,77.11,-3.66,-4.53%,5.079M,3.044M,38.233B,17.06,$68.30 ,-0.6,-0.87%,33958682684,United States,1998,4218354,Technology,,,
BR,"Broadridge Financial Solutions, Inc.",Software Application,227.78,0.22,0.10%,"583,287","511,114",26.625B,39.41,,,,,,,,,,,
CDW,CDW Corporation,Software Application,177.63,-3.14,-1.74%,2.703M,1.003M,23.672B,21.69,,,,,,,,,,,
LDOS,"Leidos Holdings, Inc.",Software Application,160.65,-7.31,-4.35%,5.722M,"851,651",21.436B,18.3,$146.39 ,-1.9,-1.28%,19793616609,United States,,1094769,Technology,,,
EPAM,"EPAM Systems, Inc.",Software Application,235.29,-9.57,-3.91%,"851,559","586,073",13.346B,30.6,$182.59 ,0.68,0.37%,10585540401,United States,2012,655939,Technology,,,
JKHY,"Jack Henry & Associates, Inc.",Software Application,173.21,0.76,0.44%,1.268M,"513,628",12.637B,31.67,$167.11 ,0.75,0.45%,12182323345,United States,1985,670302,Technology,,,
CACI,CACI International Inc,Software Application,470.79,-20.53,-4.18%,"494,319","117,681",10.55B,23.32,$437.13 ,1.77,0.41%,9746429703,United States,,77040,Technology,,,
PSN,Parsons Corporation,Software Application,97.4,-2.88,-2.87%,1.831M,"904,967",10.343B,139.14,$81.18 ,-0.1,-0.12%,11912981939,United States,2019,858773,Technology,,,
GLOB,Globant S.A.,Software Application,203.29,-25.5,-11.15%,1.349M,"407,698",8.77B,53.22,$177.16 ,2.99,1.72%,7633165719,United States,2014,793339,Technology,,,
G,Genpact Limited,Software Application,44.79,-0.31,-0.69%,1.149M,1.121M,7.899B,12.3,,,,,,,,,,,
EXLS,"ExlService Holdings, Inc.",Software Application,44.69,-0.73,-1.61%,"530,233","888,421",7.19B,39.2,$30.54 ,0.34,1.13%,4960861101,United States,2006,1169392,Technology,,,
KD,"Kyndryl Holdings, Inc.",Software Application,27.92,-0.34,-1.20%,1.679M,1.498M,6.485B,,$25.28 ,-0.26,-1.02%,5827379687,United States,2021,1381401,Technology,,,
SAIC,Science Applications International Corporation,Software Application,122.4,-3.51,-2.79%,1.547M,"290,018",6.061B,21.9,$118.02 ,0.39,0.33%,6046301031,United States,,282402,Technology,,,
INGM,Ingram Micro Holding Corporation,Software Application,22.75,-0.72,-3.07%,"235,494","809,518",5.357B,16.37,,,,,,,,,,,
ASGN,ASGN Incorporated,Software Application,87.89,-3.9,-4.25%,"701,452","276,348",3.885B,22.19,,,,,,,,,,,
DXC,DXC Technology Company,Software Application,20.81,-0.87,-4.01%,"844,703",1.273M,3.767B,115.61,$18.70 ,0.1,0.54%,3419681080,United States,,2256197,Technology,,,
CNXC,Concentrix Corporation,Software Application,38.29,-1.5,-3.77%,"644,961","724,603",2.482B,12.68,$58.02 ,-0.8,-1.36%,3828850908,United States,,788315,Technology,,,
WNS,WNS (Holdings) Limited,Software Application,50.52,-0.21,-0.41%,"443,049","465,176",2.191B,20.05,,,,,,,,,,,
VYX,NCR Voyix Corporation,Software Application,13.96,-0.35,-2.45%,1.295M,1.251M,2.038B,,,,,,,,,,,,
NABL,"N-able, Inc.",Software Application,10.54,-0.26,-2.41%,"523,361","418,557",1.958B,52.7,$14.88 ,0.03,0.20%,2749279749,United States,2021,543868,Technology,,,
APLD,Applied Digital Corporation,Software Application,7.23,0.37,5.39%,21.926M,14.673M,1.557B,,,,,,,,,,,,
GDYN,"Grid Dynamics Holdings, Inc.",Software Application,16.25,-0.78,-4.58%,1.101M,"408,114",1.342B,541.67,$10.07 ,-0.06,-0.59%,770568303,United States,2018,240234,Technology,,,
TASK,"TaskUs, Inc.",Software Application,13.76,-0.12,-0.86%,"215,439","249,429",1.229B,23.72,$12.94 ,0.07,0.54%,1139578582,United States,2021,238548,Technology,,,
INOD,Innodata Inc.,Software Application,36.75,-2.41,-6.15%,1.472M,"802,256",1.066B,60.25,$14.08 ,-0.08,-0.57%,404840466,United States,1993,314260,Technology,,,
XRX,Xerox Holdings Corporation,Software Application,8.43,0.04,0.48%,1.2M,2.231M,1.048B,,$12.59 ,0.06,0.48%,1563658259,United States,,2422639,Technology,,,
PENG,"Penguin Solutions, Inc.",Software Application,16.42,-0.72,-4.20%,"799,773","956,771",875.02M,,,,,,,,,,,,
HCKT,"The Hackett Group, Inc.",Software Application,30.32,-0.49,-1.59%,"161,314","112,068",836.635M,24.85,,,,,,,,,,,
CTLP,"Cantaloupe, Inc.",Software Application,8.72,-0.21,-2.35%,"366,921","438,473",636.44M,51.29,,,,,,,,,,,
DMRC,Digimarc Corporation,Software Application,27.17,-2.95,-9.79%,"503,515","86,889",581.998M,,$30.93 ,0.82,2.72%,661076880,United States,,145760,Technology,,,
UIS,Unisys Corporation,Software Application,7.49,-0.43,-5.43%,"575,644","619,509",519.527M,,$4.10 ,0.09,2.24%,283836912,United States,,324532,Technology,,,
IBEX,IBEX Limited,Software Application,19.35,-0.37,-1.88%,"104,095","97,918",324.399M,10.29,$15.91 ,0.12,0.76%,273881836,Bermuda,2020,36386,Technology,,,
TSSI,"TSS, Inc.",Software Application,9.06,-2.92,-24.37%,4.737M,"383,143",214.681M,113.25,,,,,,,,,,,
GEDC,CalEthos Inc.,Software Application,5,0,0.00%,400,42,126.152M,,,,,,,,,,,,
CSPI,CSP Inc.,Software Application,12.91,-0.07,-0.54%,"7,361","25,279",126.046M,46.11,$13.87 ,0.58,4.36%,135286593,United States,1982,26107,Technology,,,
ACN,Accenture plc,Information Technology Services,353.57,-8.5,-2.35%,3.097M,2.338M,220.93B,30.91,,,,,,,,,,,
IBM,International Business Machines Corporation,Information Technology Services,204.99,-4,-1.91%,3.983M,3.95M,189.543B,29.93,$171.87 ,-0.73,-0.42%,1.5788E+11,United States,,2778020,Technology,sp_Rba9aFpG,finmb$112350,sp_Rba9aFpG_finmb$112350
FI,"Fiserv, Inc.",Information Technology Services,210.92,0.07,0.03%,2.279M,2.407M,119.996B,40.64,,,,,,,,,,,
FIS,"Fidelity National Information Services, Inc.",Information Technology Services,87.82,-0.64,-0.72%,2.656M,2.922M,47.278B,90.54,,,,,,,,,,,
IT,"Gartner, Inc.",Information Technology Services,522.86,-14.24,-2.65%,"460,026","285,876",40.33B,38.64,,,,,,,,,,,
CTSH,Cognizant Technology Solutions Corporation,Information Technology Services,77.11,-3.66,-4.53%,5.079M,3.044M,38.233B,17.06,$68.30 ,-0.6,-0.87%,33958682684,United States,1998,4218354,Technology,,,
BR,"Broadridge Financial Solutions, Inc.",Information Technology Services,227.78,0.22,0.10%,"583,287","511,114",26.625B,39.41,,,,,,,,,,,
CDW,CDW Corporation,Information Technology Services,177.63,-3.14,-1.74%,2.703M,1.003M,23.672B,21.69,,,,,,,,,,,
LDOS,"Leidos Holdings, Inc.",Information Technology Services,160.65,-7.31,-4.35%,5.722M,"851,651",21.436B,18.3,$146.39 ,-1.9,-1.28%,19793616609,United States,,1094769,Technology,,,
EPAM,"EPAM Systems, Inc.",Information Technology Services,235.29,-9.57,-3.91%,"851,559","586,073",13.346B,30.6,$182.59 ,0.68,0.37%,10585540401,United States,2012,655939,Technology,,,
JKHY,"Jack Henry & Associates, Inc.",Information Technology Services,173.21,0.76,0.44%,1.268M,"513,628",12.637B,31.67,$167.11 ,0.75,0.45%,12182323345,United States,1985,670302,Technology,,,
CACI,CACI International Inc,Information Technology Services,470.79,-20.53,-4.18%,"494,319","117,681",10.55B,23.32,$437.13 ,1.77,0.41%,9746429703,United States,,77040,Technology,,,
PSN,Parsons Corporation,Information Technology Services,97.4,-2.88,-2.87%,1.831M,"904,967",10.343B,139.14,$81.18 ,-0.1,-0.12%,11912981939,United States,2019,858773,Technology,,,
GLOB,Globant S.A.,Information Technology Services,203.29,-25.5,-11.15%,1.349M,"407,698",8.77B,53.22,$177.16 ,2.99,1.72%,7633165719,United States,2014,793339,Technology,,,
G,Genpact Limited,Information Technology Services,44.79,-0.31,-0.69%,1.149M,1.121M,7.899B,12.3,,,,,,,,,,,
EXLS,"ExlService Holdings, Inc.",Information Technology Services,44.69,-0.73,-1.61%,"530,233","888,421",7.19B,39.2,$30.54 ,0.34,1.13%,4960861101,United States,2006,1169392,Technology,,,
KD,"Kyndryl Holdings, Inc.",Information Technology Services,27.92,-0.34,-1.20%,1.679M,1.498M,6.485B,,$25.28 ,-0.26,-1.02%,5827379687,United States,2021,1381401,Technology,,,
SAIC,Science Applications International Corporation,Information Technology Services,122.4,-3.51,-2.79%,1.547M,"290,018",6.061B,21.9,$118.02 ,0.39,0.33%,6046301031,United States,,282402,Technology,,,
INGM,Ingram Micro Holding Corporation,Information Technology Services,22.75,-0.72,-3.07%,"235,494","809,518",5.357B,16.37,,,,,,,,,,,
ASGN,ASGN Incorporated,Information Technology Services,87.89,-3.9,-4.25%,"701,452","276,348",3.885B,22.19,,,,,,,,,,,
DXC,DXC Technology Company,Information Technology Services,20.81,-0.87,-4.01%,"844,703",1.273M,3.767B,115.61,$18.70 ,0.1,0.54%,3419681080,United States,,2256197,Technology,,,
CNXC,Concentrix Corporation,Information Technology Services,38.29,-1.5,-3.77%,"644,961","724,603",2.482B,12.68,$58.02 ,-0.8,-1.36%,3828850908,United States,,788315,Technology,,,
WNS,WNS (Holdings) Limited,Information Technology Services,50.52,-0.21,-0.41%,"443,049","465,176",2.191B,20.05,,,,,,,,,,,
VYX,NCR Voyix Corporation,Information Technology Services,13.96,-0.35,-2.45%,1.295M,1.251M,2.038B,,,,,,,,,,,,
NABL,"N-able, Inc.",Information Technology Services,10.54,-0.26,-2.41%,"523,361","418,557",1.958B,52.7,$14.88 ,0.03,0.20%,2749279749,United States,2021,543868,Technology,,,
APLD,Applied Digital Corporation,Information Technology Services,7.23,0.37,5.39%,21.926M,14.673M,1.557B,,,,,,,,,,,,
GDYN,"Grid Dynamics Holdings, Inc.",Information Technology Services,16.25,-0.78,-4.58%,1.101M,"408,114",1.342B,541.67,$10.07 ,-0.06,-0.59%,770568303,United States,2018,240234,Technology,,,
TASK,"TaskUs, Inc.",Information Technology Services,13.76,-0.12,-0.86%,"215,439","249,429",1.229B,23.72,$12.94 ,0.07,0.54%,1139578582,United States,2021,238548,Technology,,,
INOD,Innodata Inc.,Information Technology Services,36.75,-2.41,-6.15%,1.472M,"802,256",1.066B,60.25,$14.08 ,-0.08,-0.57%,404840466,United States,1993,314260,Technology,,,
XRX,Xerox Holdings Corporation,Information Technology Services,8.43,0.04,0.48%,1.2M,2.231M,1.048B,,$12.59 ,0.06,0.48%,1563658259,United States,,2422639,Technology,,,
PENG,"Penguin Solutions, Inc.",Information Technology Services,16.42,-0.72,-4.20%,"799,773","956,771",875.02M,,,,,,,,,,,,
HCKT,"The Hackett Group, Inc.",Information Technology Services,30.32,-0.49,-1.59%,"161,314","112,068",836.635M,24.85,,,,,,,,,,,
CTLP,"Cantaloupe, Inc.",Information Technology Services,8.72,-0.21,-2.35%,"366,921","438,473",636.44M,51.29,,,,,,,,,,,
DMRC,Digimarc Corporation,Information Technology Services,27.17,-2.95,-9.79%,"503,515","86,889",581.998M,,$30.93 ,0.82,2.72%,661076880,United States,,145760,Technology,,,
UIS,Unisys Corporation,Information Technology Services,7.49,-0.43,-5.43%,"575,644","619,509",519.527M,,$4.10 ,0.09,2.24%,283836912,United States,,324532,Technology,,,
IBEX,IBEX Limited,Information Technology Services,19.35,-0.37,-1.88%,"104,095","97,918",324.399M,10.29,$15.91 ,0.12,0.76%,273881836,Bermuda,2020,36386,Technology,,,
TSSI,"TSS, Inc.",Information Technology Services,9.06,-2.92,-24.37%,4.737M,"383,143",214.681M,113.25,,,,,,,,,,,
GEDC,CalEthos Inc.,Information Technology Services,5,0,0.00%,400,42,126.152M,,,,,,,,,,,,
CSPI,CSP Inc.,Information Technology Services,12.91,-0.07,-0.54%,"7,361","25,279",126.046M,46.11,$13.87 ,0.58,4.36%,135286593,United States,1982,26107,Technology,,,
CSCO,"Cisco Systems, Inc.",Communication Equipment,57.46,-0.46,-0.79%,27.902M,17.182M,229.037B,22.62,,,,,,,,,,,
MSI,"Motorola Solutions, Inc.",Communication Equipment,489,-4.7,-0.95%,"726,203","667,771",81.722B,53.56,$384.23 ,-6.13,-1.57%,64084599748,United States,,658834,Technology,,,
HPE,Hewlett Packard Enterprise Company,Communication Equipment,21.07,-0.27,-1.27%,8.359M,15.228M,27.363B,14.94,$20.92 ,-0.2,-0.95%,27189164808,United States,2015,17299773,Technology,,,
UI,Ubiquiti Inc.,Communication Equipment,335.14,-7.98,-2.33%,"75,688","70,875",20.266B,51.96,$143.83 ,1.07,0.75%,8696163881,United States,,32944,Technology,,,
ZBRA,Zebra Technologies Corporation,Communication Equipment,385.91,-8.75,-2.22%,"362,467","358,240",19.905B,52.58,,,,,,,,,,,
JNPR,"Juniper Networks, Inc.",Communication Equipment,36.51,-1.9,-4.95%,16.686M,3.601M,12.088B,48.04,$35.69 ,0.21,0.59%,11598818044,United States,1999,2775637,Technology,,,
CIEN,Ciena Corporation,Communication Equipment,67.22,-2.53,-3.63%,1.44M,1.954M,9.708B,71.51,,,,,,,,,,,
ASTS,"AST SpaceMobile, Inc.",Communication Equipment,24.23,-2.57,-9.59%,17.584M,15.89M,7.693B,,,,,,,,,,,,
SATS,EchoStar Corporation,Communication Equipment,22.79,0.8,3.64%,2.172M,1.717M,6.52B,,,,,,,,,,,,
LITE,Lumentum Holdings Inc.,Communication Equipment,81.45,-3.68,-4.32%,1.745M,1.707M,5.596B,,,,,,,,,,,,
PI,"Impinj, Inc.",Communication Equipment,176.51,-6.22,-3.40%,"390,559","555,843",4.993B,193.97,$152.75 ,1.79,1.19%,4233153571,United States,2016,328090,Technology,,,
BDC,Belden Inc.,Communication Equipment,118.61,-1.2,-1.00%,"201,940","266,742",4.784B,27.52,,,,,,,,,,,
VIAV,Viavi Solutions Inc.,Communication Equipment,9.87,-0.19,-1.89%,1.276M,1.619M,2.189B,,$6.66 ,-0.44,-6.20%,1486765440,United States,,4400643,Technology,,,
EXTR,"Extreme Networks, Inc.",Communication Equipment,15.61,-0.49,-3.04%,"801,825",1.208M,2.063B,,,,,,,,,,,,
INFN,Infinera Corporation,Communication Equipment,6.64,0,0.00%,"857,335",7.064M,1.572B,,,,,,,,,,,,
HLIT,Harmonic Inc.,Communication Equipment,11.92,-0.48,-3.87%,"843,887",1.119M,1.389B,16.33,$11.56 ,-0.06,-0.52%,1347227670,United States,1995,947736,Technology,,,
AAOI,"Applied Optoelectronics, Inc.",Communication Equipment,26.8,-1.35,-4.80%,3.425M,2.978M,1.208B,,$8.51 ,-0.08,-0.93%,331106510,United States,2013,1386506,Technology,,,
DGII,Digi International Inc.,Communication Equipment,31.41,-0.27,-0.85%,"283,949","170,373",1.144B,68.28,,,,,,,,,,,
VSAT,"Viasat, Inc.",Communication Equipment,7.4,-0.33,-4.27%,2.714M,2.215M,950.116M,,$12.62 ,0.58,4.82%,1588364874,United States,1996,1785887,Technology,,,
NTGR,"NETGEAR, Inc.",Communication Equipment,24.15,0,0.00%,"500,109","346,981",694.791M,36.04,,,,,,,,,,,
ADTN,"ADTRAN Holdings, Inc.",Communication Equipment,7.75,-0.22,-2.76%,"528,585","515,429",612.117M,,,,,,,,,,,,
CLFD,"Clearfield, Inc.",Communication Equipment,28.26,-1.36,-4.59%,"109,926","106,742",402.363M,,,,,,,,,,,,
GILT,Gilat Satellite Networks Ltd.,Communication Equipment,5.03,0.16,3.18%,"182,352","148,979",286.796M,14.37,$4.35 ,-0.16,-3.55%,248019974,Israel,,343383,Technology,,,
AVNW,"Aviat Networks, Inc.",Communication Equipment,13.79,-0.12,-0.86%,"303,038","199,726",175.001M,,$28.31 ,-0.29,-1.01%,355723190,United States,,54991,Technology,,,
INSG,Inseego Corp.,Communication Equipment,11.88,-0.43,-3.49%,"360,031","228,593",145.917M,,,,,,,,,,,,
FEIM,"Frequency Electronics, Inc.",Communication Equipment,12.86,-0.03,-0.23%,"15,972","52,604",123.031M,20.74,,,,,,,,,,,
BKTI,BK Technologies Corporation,Communication Equipment,31.69,0.06,0.19%,"63,130","42,937",112.086M,40.63,$12.73 ,-0.07,-0.55%,44933234,United States,,9006,Technology,,,
AIRG,"Airgain, Inc.",Communication Equipment,9.35,-0.18,-1.89%,"46,609","40,154",105.669M,,$6.04 ,-0.05,-0.82%,65095653,United States,2016,12733,Technology,,,
KVHI,"KVH Industries, Inc.",Communication Equipment,5.11,0.12,2.40%,"74,939","35,667",101.173M,,$4.88 ,-0.24,-4.69%,96215158,United States,1996,152214,Technology,,,
SILC,Silicom Ltd.,Communication Equipment,14.39,0.2,1.41%,"6,126","14,378",87.764M,,$14.87 ,-0.12,-0.80%,95250127,Israel,,16495,Technology,,,
AMAT,"Applied Materials, Inc.",Semiconductor Equipment & Materials,168.88,-17.12,-9.20%,16.242M,6.392M,139.225B,19,$232.17 ,-2.1,-0.90%,1.92231E+11,United States,1972,4815379,Technology,sp_Rba9aFpG,finmb$251230,sp_Rba9aFpG_finmb$251230
LRCX,Lam Research Corporation,Semiconductor Equipment & Materials,70.05,-4.74,-6.34%,14.561M,12.555M,90.133B,22.67,"$1,055.76 ",2.86,0.27%,1.38031E+11,United States,1984,876974,Technology,sp_Rba9aFpG,finmb$30655,sp_Rba9aFpG_finmb$30655
KLAC,KLA Corporation,Semiconductor Equipment & Materials,614.46,-30.54,-4.73%,1.712M,1.013M,82.19B,28.1,$813.30 ,-4.74,-0.58%,1.09503E+11,United States,1980,710616,Technology,sp_Rba9aFpG,finmb$282225,sp_Rba9aFpG_finmb$282225
TER,"Teradyne, Inc.",Semiconductor Equipment & Materials,102.58,-3.94,-3.70%,3.091M,1.939M,16.706B,32.67,,,,,,,,,,,
ENTG,"Entegris, Inc.",Semiconductor Equipment & Materials,97.67,-3.83,-3.77%,3.218M,1.995M,14.748B,64.68,,,,,,,,,,,
ONTO,Onto Innovation Inc.,Semiconductor Equipment & Materials,158.54,-6.21,-3.77%,"941,910","663,284",7.83B,42.73,,,,,,,,,,,
AMKR,"Amkor Technology, Inc.",Semiconductor Equipment & Materials,25.19,-0.83,-3.19%,1.013M,1.454M,6.213B,17.02,$39.09 ,-0.08,-0.20%,9622795112,United States,1998,2079746,Technology,,,
NVMI,Nova Ltd.,Semiconductor Equipment & Materials,178.67,-11.59,-6.09%,"285,711","199,368",5.19B,33.4,$230.52 ,-3.63,-1.55%,6688269705,Israel,2000,133952,Technology,,,
CAMT,Camtek Ltd.,Semiconductor Equipment & Materials,74.07,-4.65,-5.91%,"851,354","570,403",3.362B,33.98,$117.76 ,2.06,1.78%,5287615007,Israel,2000,658926,Technology,,,
IPGP,IPG Photonics Corporation,Semiconductor Equipment & Materials,73.45,-1.61,-2.14%,"152,707","268,540",3.177B,,$82.62 ,0.94,1.15%,3764844436,United States,2006,247883,Technology,,,
FORM,"FormFactor, Inc.",Semiconductor Equipment & Materials,37.8,-1.89,-4.76%,1.04M,"619,751",2.928B,21.85,$59.53 ,-0.12,-0.20%,4593932541,United States,2003,916670,Technology,,,
KLIC,"Kulicke and Soffa Industries, Inc.",Semiconductor Equipment & Materials,46.19,0.58,1.27%,1.352M,"507,084",2.518B,,$46.66 ,-0.46,-0.98%,2587935402,Singapore,,403254,Technology,,,
ACLS,"Axcelis Technologies, Inc.",Semiconductor Equipment & Materials,73.22,-5.63,-7.14%,1.003M,"613,839",2.38B,10.83,$139.17 ,-1.99,-1.41%,4527547747,United States,2000,542154,Technology,,,
AMBA,"Ambarella, Inc.",Semiconductor Equipment & Materials,56.92,-1.58,-2.70%,"304,262","544,371",2.349B,,$53.22 ,0.4,0.76%,2181233675,United States,2012,577326,Technology,,,
UCTT,"Ultra Clean Holdings, Inc.",Semiconductor Equipment & Materials,33.97,-1.13,-3.22%,"387,817","449,335",1.531B,485.29,$47.07 ,0.06,0.13%,2113722266,United States,2004,168331,Technology,,,
VECO,Veeco Instruments Inc.,Semiconductor Equipment & Materials,26.43,-0.88,-3.22%,"670,106","729,003",1.501B,19.01,$45.83 ,-0.52,-1.12%,2595704049,United States,1994,459782,Technology,,,
PLAB,"Photronics, Inc.",Semiconductor Equipment & Materials,23.65,-1.01,-4.10%,"405,978","412,440",1.498B,10.42,$24.68 ,0.04,0.16%,1563649526,United States,1987,352142,Technology,,,
COHU,"Cohu, Inc.",Semiconductor Equipment & Materials,24.99,-0.44,-1.73%,"382,587","305,921",1.165B,,,,,,,,,,,,
ACMR,"ACM Research, Inc.",Semiconductor Equipment & Materials,18.33,-0.4,-2.14%,"967,296",1.298M,1.148B,13.78,$21.88 ,0.03,0.14%,1356747905,United States,2017,742925,Technology,,,
ICHR,"Ichor Holdings, Ltd.",Semiconductor Equipment & Materials,30.22,-1.61,-5.06%,"187,366","261,264",1.019B,,$37.45 ,0.44,1.19%,1253644817,United States,2016,305714,Technology,,,
AEHR,"Aehr Test Systems, Inc.",Semiconductor Equipment & Materials,10.78,-0.45,-4.01%,1.068M,1.177M,319.421M,11,,,,,,,,,,,
ATOM,Atomera Incorporated,Semiconductor Equipment & Materials,5.79,-0.15,-2.53%,"677,676","259,379",166.625M,,$3.87 ,-0.05,-1.28%,104054126,United States,2016,347970,Technology,,,
INTT,inTEST Corporation,Semiconductor Equipment & Materials,7.43,0.02,0.27%,"51,856","48,757",91.943M,33.77,,,,,,,,,,,
ASYS,"Amtech Systems, Inc.",Semiconductor Equipment & Materials,5.71,0,0.00%,"56,581","33,990",81.189M,,$6.19 ,0.07,1.14%,87952441,United States,,33449,Technology,,,
TRT,Trio-Tech International,Semiconductor Equipment & Materials,6.81,0.04,0.59%,"18,093","10,612",28.945M,28.38,$6.31 ,0.135,2.19%,26819425,United States,1998,2419,Technology,,,
ANET,"Arista Networks, Inc.",Computer Hardware,374.39,-11.56,-3.00%,3.007M,1.683M,117.91B,44.89,$334.70 ,0.17,0.05%,1.04883E+11,United States,2014,1741688,Technology,,,
DELL,Dell Technologies Inc.,Computer Hardware,131.64,-2.79,-2.08%,4.978M,9.64M,92.411B,24.24,$138.24 ,-2.11,-1.50%,98054203346,United States,2018,12693065,Technology,,,
HPQ,HP Inc.,Computer Hardware,36.72,0.23,0.63%,5.948M,7.529M,35.376B,12.88,$35.09 ,-1.18,-3.25%,34337655873,United States,,9656922,Technology,,,
NTAP,"NetApp, Inc.",Computer Hardware,117.21,-0.86,-0.73%,1.907M,1.511M,24.003B,22.94,$128.43 ,0.7,0.55%,26431120165,United States,1995,2023913,Technology,,,
WDC,Western Digital Corporation,Computer Hardware,62.8,-0.42,-0.66%,3.37M,4.819M,21.71B,69.01,$75.47 ,-1.39,-1.81%,24642816694,United States,,3661223,Technology,,,
STX,Seagate Technology Holdings plc,Computer Hardware,96.79,-0.67,-0.69%,1.925M,2.116M,20.474B,25.01,$102.75 ,-0.99,-0.95%,21576322691,Ireland,2002,1953245,Technology,,,
PSTG,"Pure Storage, Inc.",Computer Hardware,48.19,-1.64,-3.29%,2.354M,3.041M,15.791B,112.07,$62.71 ,-0.21,-0.33%,20395452861,United States,2015,2574881,Technology,,,
SMCI,"Super Micro Computer, Inc.",Computer Hardware,18.58,0.57,3.16%,64.497M,75.09M,10.88B,9.24,$831.16 ,-11.96,-1.42%,48669842981,United States,2020,4537570,Technology,,,
IONQ,"IonQ, Inc.",Computer Hardware,29.14,2.98,11.39%,37.336M,14.399M,6.306B,,$6.73 ,0.14,2.12%,1423091659,United States,2021,4529345,Technology,,,
CRCT,"Cricut, Inc.",Computer Hardware,5.05,-0.12,-2.32%,"727,220","363,989",1.083B,17.41,$5.87 ,-0.04,-0.68%,1272113904,United States,2021,692237,Technology,,,
CRSR,"Corsair Gaming, Inc.",Computer Hardware,6.7,-0.19,-2.76%,"456,717","500,137",701.49M,,$11.11 ,0.09,0.82%,1154390805,United States,2020,339276,Technology,,,
SSYS,Stratasys Ltd.,Computer Hardware,9.26,-0.35,-3.64%,"756,420","605,256",661.025M,,$8.40 ,0.26,3.19%,585111022,United States,1994,499386,Technology,,,
ALOT,"AstroNova, Inc.",Computer Hardware,14.1,-0.14,-0.98%,"2,205","13,454",106.04M,16.79,$14.60 ,1.19,8.87%,109698034,United States,1983,23957,Technology,,,
KTCC,Key Tronic Corporation,Computer Hardware,5.79,-0.09,-1.53%,"12,602","22,662",62.311M,,$3.93 ,0.09,2.34%,42294153,United States,1983,14548,Technology,,,
BTCT,BTC Digital Ltd.,Computer Hardware,19.27,-0.48,-2.43%,6.003M,3.103M,50.31M,,,,,,,,,,,,
EBON,Ebang International Holdings Inc.,Computer Hardware,7.57,-1.17,-13.39%,"72,192","31,014",47.544M,,$6.09 ,-0.41,-6.31%,39852582,China,2020,25577,Technology,,,
CCUR,"CCUR Holdings, Inc.",Computer Hardware,"2,500.00",0,0.00%,1,0,9.123M,,,,,,,,,,,,
APH,Amphenol Corporation,Electronic Components,70.52,-2.03,-2.80%,5.992M,6.608M,85.02B,40.3,$67.16 ,-0.8,-1.18%,80673122161,United States,,7418092,Technology,,,
TEL,TE Connectivity plc,Electronic Components,148.35,-4.9,-3.20%,1.723M,1.559M,44.493B,14.35,$147.84 ,-1.65,-1.10%,45272820553,Switzerland,,1879627,Technology,,,
GLW,Corning Incorporated,Electronic Components,46.49,-0.28,-0.60%,2.778M,4.455M,39.805B,244.68,$38.28 ,-1.49,-3.75%,32791383818,United States,,15865778,Technology,,,
JBL,Jabil Inc.,Electronic Components,128.26,-0.7,-0.54%,1.07M,1.404M,14.473B,11.48,$112.24 ,-2.14,-1.87%,13535842748,United States,1993,1852475,Technology,,,
FLEX,Flex Ltd.,Electronic Components,37.2,-0.44,-1.17%,2.356M,3.377M,14.426B,17.88,$30.30 ,-0.44,-1.43%,12169716452,Singapore,1994,3867672,Technology,,,
FN,Fabrinet,Electronic Components,234.85,-17.15,-6.81%,"718,066","630,331",8.518B,27.83,,,,,,,,,,,
OLED,Universal Display Corporation,Electronic Components,164.03,-2.45,-1.47%,"766,294","466,170",7.785B,32.94,$207.60 ,-0.17,-0.08%,9848437709,United States,,201582,Technology,,,
LFUS,"Littelfuse, Inc.",Electronic Components,241.09,-8.21,-3.29%,"128,600","109,043",5.983B,30.99,,,,,,,,,,,
SANM,Sanmina Corporation,Electronic Components,76.96,-0.69,-0.89%,"191,947","401,401",4.206B,19.68,$65.98 ,-0.48,-0.72%,3658828396,United States,1993,307178,Technology,,,
PLXS,Plexus Corp.,Electronic Components,153.13,-0.58,-0.38%,"123,925","147,225",4.169B,38.19,$101.97 ,-1.12,-1.09%,2792732233,United States,,99691,Technology,,,
OSIS,"OSI Systems, Inc.",Electronic Components,150.7,-1.27,-0.84%,"148,424","167,050",2.518B,19.65,$136.62 ,0.07,0.05%,2329193940,United States,1997,57605,Technology,,,
TTMI,"TTM Technologies, Inc.",Electronic Components,23.27,-0.67,-2.80%,"470,345","744,695",2.373B,35.26,$19.57 ,-0.2,-1.01%,1991760077,United States,2000,1480936,Technology,,,
VICR,Vicor Corporation,Electronic Components,51.95,-0.84,-1.59%,"288,913","225,057",2.345B,519.5,$33.36 ,1.38,4.32%,1486079914,United States,,390730,Technology,,,
ROG,Rogers Corporation,Electronic Components,103.64,-0.37,-0.36%,"115,006","122,407",1.934B,38.82,$119.99 ,0.9,0.76%,2238606274,United States,1960,148999,Technology,,,
BHE,"Benchmark Electronics, Inc.",Electronic Components,47.06,-0.81,-1.69%,"203,888","244,404",1.694B,27.36,$39.16 ,-0.1,-0.26%,1411552627,United States,,519619,Technology,,,
CTS,CTS Corporation,Electronic Components,53.16,-0.9,-1.66%,"146,060","137,143",1.601B,27.4,$50.17 ,-0.5,-0.99%,1533680444,United States,,172204,Technology,,,
KN,Knowles Corporation,Electronic Components,18.13,-0.25,-1.36%,"440,927","638,406",1.597B,35.55,,,,,,,,,,,
BELFB,Bel Fuse Inc.,Electronic Components,74.56,-1.61,-2.12%,"51,858","68,842",969.58M,18.1,,,,,,,,,,,
DAKT,"Daktronics, Inc.",Electronic Components,14.51,-0.24,-1.63%,"381,343","454,714",676.868M,69.1,,,,,,,,,,,
LYTS,LSI Industries Inc.,Electronic Components,20.07,-0.38,-1.86%,"110,510","128,471",598.855M,25.73,,,,,,,,,,,
OUST,"Ouster, Inc.",Electronic Components,8.44,-0.26,-2.99%,"912,448",1.101M,420.064M,,,,,,,,,,,,
ALNT,Allient Inc.,Electronic Components,24.24,-0.24,-0.98%,"205,523","140,487",408.332M,27.86,,,,,,,,,,,
MEI,"Methode Electronics, Inc.",Electronic Components,9.3,-0.42,-4.32%,"257,316","384,884",327.779M,,$9.75 ,0.23,2.42%,345057375,United States,,855069,Technology,,,
RELL,"Richardson Electronics, Ltd.",Electronic Components,13.89,-0.27,-1.91%,"52,503","57,134",199.747M,,$11.59 ,-0.1,-0.86%,165487131,United States,1983,37724,Technology,,,
MPTI,"M-tron Industries, Inc.",Electronic Components,56.4,-3.42,-5.72%,"62,768","29,293",158.404M,32.05,$33.99 ,0.58,1.74%,95123700,,2022,8520,Technology,,,
NEON,Neonode Inc.,Electronic Components,6.13,-0.13,-2.08%,"125,150","707,254",102.879M,,$2.18 ,-0.04,-1.80%,33483669,Sweden,,9999,Technology,,,
ELTK,Eltek Ltd.,Electronic Components,11.01,-0.04,-0.36%,"15,382","20,617",73.861M,11.47,$9.73 ,-0.03,-0.31%,58581343,Israel,1997,20987,Technology,,,
LGL,"The LGL Group, Inc.",Electronic Components,6.27,0.19,3.12%,"4,968","4,839",33.689M,78.38,$5.15 ,0,0.00%,27567626,United States,1946,819,Technology,,,
GRMN,Garmin Ltd.,Scientific & Technical Instruments,208.43,-2.94,-1.39%,"521,568","880,684",40.024B,26.52,,,,,,,,,,,
FTV,Fortive Corporation,Scientific & Technical Instruments,74.82,-0.79,-1.04%,3.045M,2.555M,25.959B,29.93,,,,,,,,,,,
KEYS,"Keysight Technologies, Inc.",Scientific & Technical Instruments,149.37,-4.31,-2.80%,1.282M,1.056M,25.922B,28.78,,,,,,,,,,,
TDY,Teledyne Technologies Incorporated,Scientific & Technical Instruments,470.15,-6.41,-1.35%,"292,840","216,053",21.91B,23.83,,,,,,,,,,,
TRMB,Trimble Inc.,Scientific & Technical Instruments,70.62,-0.12,-0.17%,1.112M,1.228M,17.246B,11.81,,,,,,,,,,,
COHR,Coherent Corp.,Scientific & Technical Instruments,95.11,-4.9,-4.90%,4.121M,2.576M,14.71B,,$70.89 ,-0.73,-1.02%,10807961212,United States,,959217,Technology,,,
MKSI,"MKS Instruments, Inc.",Scientific & Technical Instruments,105.48,-7.44,-6.59%,1.157M,"830,757",7.099B,229.3,,,,,,,,,,,
CGNX,Cognex Corporation,Scientific & Technical Instruments,39.61,-0.92,-2.27%,"866,053",1.109M,6.794B,77.67,,,,,,,,,,,
BMI,"Badger Meter, Inc.",Scientific & Technical Instruments,215.32,-4.33,-1.97%,"160,164","176,765",6.333B,53.56,,,,,,,,,,,
NOVT,Novanta Inc.,Scientific & Technical Instruments,168.19,-1.52,-0.90%,"205,055","145,609",6.042B,101.32,,,,,,,,,,,
VNT,Vontier Corporation,Scientific & Technical Instruments,38.08,-0.86,-2.21%,"707,268","893,164",5.72B,14.53,,,,,,,,,,,
ITRI,"Itron, Inc.",Scientific & Technical Instruments,114.9,-2.69,-2.29%,"322,340","509,437",5.181B,23.59,,,,,,,,,,,
ST,Sensata Technologies Holding plc,Scientific & Technical Instruments,31.83,-0.79,-2.42%,1.797M,1.172M,4.761B,,,,,,,,,,,,
ESE,ESCO Technologies Inc.,Scientific & Technical Instruments,144.3,4.3,3.07%,"257,412","104,825",3.716B,37.38,,,,,,,,,,,
MLAB,"Mesa Laboratories, Inc.",Scientific & Technical Instruments,102.43,-2.17,-2.07%,"34,200","32,937",556.367M,,,,,,,,,,,,
ITRN,Ituran Location and Control Ltd.,Scientific & Technical Instruments,26.75,-0.66,-2.41%,"75,680","70,667",532.154M,10.45,$24.73 ,-0.01,-0.04%,491968233,Israel,2005,52524,Technology,,,
FARO,"FARO Technologies, Inc.",Scientific & Technical Instruments,25.06,-0.62,-2.41%,"155,788","156,476",474.068M,,,,,,,,,,,,
VPG,"Vishay Precision Group, Inc.",Scientific & Technical Instruments,21.43,-0.22,-1.02%,"72,839","79,010",283.703M,21.65,$30.43 ,0.52,1.74%,406359877,United States,,47446,Technology,,,
BKSY,BlackSky Technology Inc.,Scientific & Technical Instruments,8.42,-0.33,-3.77%,1.152M,"805,999",259.158M,,$1.02 ,-0.03,-2.86%,149767051,United States,2019,415930,Technology,,,
ODYS,Odysight.ai Inc.,Scientific & Technical Instruments,5.99,0,0.00%,50,609,75.489M,,,,,,,,,,,,
AATC,Autoscope Technologies Corporation,Scientific & Technical Instruments,7.95,-0.04,-0.50%,678,"7,050",43.516M,8.93,,,,,,,,,,,
ACFN,"Acorn Energy, Inc.",Scientific & Technical Instruments,14.4,-0.8,-5.26%,"2,316","4,164",35.832M,31.3,,,,,,,,,,,
ASTC,Astrotech Corporation,Scientific & Technical Instruments,7.22,0.23,3.29%,"23,123","27,087",12.286M,,,,,,,,,,,,
FSLR,"First Solar, Inc.",Solar,190.45,-4.69,-2.40%,4.085M,2.611M,20.389B,16.4,$247.93 ,-8.81,-3.43%,26538779261,United States,2006,2806126,Technology,,,
ENPH,"Enphase Energy, Inc.",Solar,59.52,-4.04,-6.36%,6.813M,3.896M,8.042B,129.39,$102.95 ,1.1,1.08%,14007658774,United States,2012,4484213,Technology,,,
NXT,Nextracker Inc.,Solar,36.8,-2.96,-7.44%,2.779M,3.041M,5.426B,9.2,,,,,,,,,,,
RUN,Sunrun Inc.,Solar,9.89,-1.02,-9.35%,13.555M,8.68M,2.219B,,,,,,,,,,,,
ARRY,"Array Technologies, Inc.",Solar,6.85,-0.78,-10.22%,7.52M,6.455M,1.041B,,,,,,,,,,,,
CSIQ,Canadian Solar Inc.,Solar,10.99,-0.78,-6.63%,3.299M,2.178M,727.262M,22.9,$15.38 ,0.13,0.85%,1017521437,Canada,2006,994492,Technology,,,
SEDG,"SolarEdge Technologies, Inc.",Solar,10.64,-2.19,-17.07%,9.339M,4.371M,616.589M,,$24.99 ,-1.41,-5.34%,1431912106,Israel,2015,9981354,Technology,,,
MAXN,"Maxeon Solar Technologies, Ltd.",Solar,9.98,-1.52,-13.22%,1.008M,1.315M,152.594M,,$1.11 ,0.1,9.90%,60912366,Singapore,,3984578,Technology,,,
FLDI,Folkup Development Inc.,Solar,5,0,0.00%,100,0,19M,,,,,,,,,,,,
SNX,TD SYNNEX Corporation,Electronics & Computer Distribution,115.3,-0.4,-0.35%,"322,593","581,714",9.811B,14.95,$116.12 ,-0.84,-0.72%,10178897821,United States,2003,1365268,Technology,,,
ARW,"Arrow Electronics, Inc.",Electronics & Computer Distribution,115.18,-0.02,-0.02%,"640,575","379,743",6.057B,12.81,$122.10 ,-0.95,-0.77%,6499365418,United States,,428608,Technology,,,
NSIT,"Insight Enterprises, Inc.",Electronics & Computer Distribution,151.5,-1.13,-0.74%,"458,794","277,209",4.812B,19.06,$197.90 ,-1.35,-0.68%,6442800934,United States,1995,194115,Technology,,,
AVT,"Avnet, Inc.",Electronics & Computer Distribution,53.07,0.03,0.06%,"886,388","599,454",4.614B,13.82,$51.70 ,-0.21,-0.41%,4672657891,United States,,543153,Technology,,,
CNXN,"PC Connection, Inc.",Electronics & Computer Distribution,70.15,-1.21,-1.70%,"70,382","88,159",1.844B,20.63,$64.38 ,0.78,1.23%,1697277688,United States,,80020,Technology,,,
SCSC,"ScanSource, Inc.",Electronics & Computer Distribution,48.89,-0.52,-1.05%,"231,563","220,031",1.164B,15.57,$44.11 ,0.7,1.61%,1089922988,United States,,205970,Technology,,,
CLMB,"Climb Global Solutions, Inc.",Electronics & Computer Distribution,120.8,-0.41,-0.34%,"20,961","33,171",556.5M,32.83,$60.10 ,-0.11,-0.18%,275566373,United States,,32150,Technology,,,
RYSVF,"Ryosan Company, Limited",Electronics & Computer Distribution,20.4,0,0.00%,269,0,539.994M,9.03,,,,,,,,,,,